,index,Step,Qlocal,Qglobal,corr,runningtime,curvature,nunit,maxsizeofunit,rep
0,0,1,0.6195971006314693,0.9390577507098263,0.9726402176155503,42.05251479148865,7.57253,100.0,1.0,0
1,1,2,0.42151254961168777,0.8358260369400669,0.8574680531930263,124.00158286094666,7.57253,100.0,201.0,0
2,2,MapOutlier,,,,0.0,7.57253,,,0
3,3,Avedmat,,,,0.022349119186401367,,,,0
4,0,1,0.5886778925959145,0.92661252983998,0.9791242571062342,31.597458124160767,7.96092,100.0,1.0,1
5,1,2,0.43442647781416643,0.8384228650627117,0.8644519517989886,154.7171277999878,7.96092,100.0,201.0,1
6,2,MapOutlier,,,,0.0,7.96092,,,1
7,3,Avedmat,,,,0.022349119186401367,,,,1
8,0,1,0.6014283865148717,0.9307765865230471,0.9759889352295802,36.76438069343567,7.77236,100.0,1.0,2
9,1,2,0.41935457697326656,0.8352393774562381,0.8656500112212447,186.70411133766174,7.77236,100.0,201.0,2
10,2,MapOutlier,,,,0.0,7.77236,,,2
11,3,Avedmat,,,,0.022349119186401367,,,,2
12,0,1,0.6016597016750318,0.9298726523441045,0.9785097415809244,27.60240387916565,7.75056,100.0,1.0,3
13,1,2,0.418759109513598,0.8363583221110233,0.8666912687186463,138.43808317184448,7.75056,100.0,201.0,3
14,2,MapOutlier,,,,0.0,7.75056,,,3
15,3,Avedmat,,,,0.022349119186401367,,,,3
16,0,1,0.6196790738409618,0.9394004522630841,0.9780600753183022,20.105751752853394,7.59606,100.0,1.0,4
17,1,2,0.42561339128234577,0.833510620436768,0.8572243839599,156.64948678016663,7.59606,100.0,201.0,4
18,2,MapOutlier,,,,0.0,7.59606,,,4
19,3,Avedmat,,,,0.022349119186401367,,,,4
20,0,1,0.5127875969516595,0.8943702592129549,0.9725074722715835,20.3471622467041,7.40553,100.0,1.0,5
21,1,2,0.4150973735115287,0.8309346107190944,0.8577659650430643,138.83474707603455,7.40553,100.0,201.0,5
22,2,MapOutlier,,,,0.0,7.40553,,,5
23,3,Avedmat,,,,0.022349119186401367,,,,5
24,0,1,0.6300169514112134,0.9434126677544058,0.9734382011130991,26.560578107833862,7.61826,100.0,1.0,6
25,1,2,0.43728762997922316,0.8400968730318343,0.8607924897072379,106.97049188613892,7.61826,100.0,201.0,6
26,2,MapOutlier,,,,0.0,7.61826,,,6
27,3,Avedmat,,,,0.022349119186401367,,,,6
28,0,1,0.618124852230152,0.935573257833099,0.9716986819409528,9.4584059715271,7.21448,100.0,1.0,7
29,1,2,0.42521124214928324,0.8334165870969777,0.8558102972179893,118.9492416381836,7.21448,100.0,201.0,7
30,2,MapOutlier,,,,0.0,7.21448,,,7
31,3,Avedmat,,,,0.022349119186401367,,,,7
32,0,1,0.5210233118733119,0.8947054403613292,0.9765688877141658,31.514387845993042,7.41612,100.0,1.0,8
33,1,2,0.42918113138287495,0.8362578638189294,0.8580364476243948,111.98590993881226,7.41612,100.0,201.0,8
34,2,MapOutlier,,,,0.0,7.41612,,,8
35,3,Avedmat,,,,0.022349119186401367,,,,8
36,0,1,0.5251044319002797,0.8972451609571654,0.9727200817104285,17.852827072143555,7.313,100.0,1.0,9
37,1,2,0.43108903852086283,0.8359984286152865,0.8537326203176789,167.0622570514679,7.313,100.0,201.0,9
38,2,MapOutlier,,,,0.0,7.313,,,9
39,3,Avedmat,,,,0.022349119186401367,,,,9
40,0,1,0.6125604613114919,0.9368373572691139,0.9738404858173164,24.948314905166626,7.40375,100.0,1.0,10
41,1,2,0.42389371936736825,0.8370187133621131,0.8630943598169758,141.34629654884338,7.40375,100.0,201.0,10
42,2,MapOutlier,,,,0.0,7.40375,,,10
43,3,Avedmat,,,,0.022349119186401367,,,,10
44,0,1,0.6138887800873161,0.9401642287645443,0.9732184639090009,45.168251037597656,7.54662,100.0,1.0,11
45,1,2,0.45546296180247453,0.8462915554472564,0.8579885752106683,143.38066029548645,7.54662,100.0,201.0,11
46,2,MapOutlier,,,,0.0,7.54662,,,11
47,3,Avedmat,,,,0.022349119186401367,,,,11
48,0,1,0.6374804776124356,0.941687444599526,0.977351654183273,9.428796291351318,8.48195,100.0,1.0,12
49,1,2,0.4326864894719026,0.8390767694127755,0.870620070238052,279.3896715641022,8.48195,100.0,201.0,12
50,2,MapOutlier,,,,0.0,8.48195,,,12
51,3,Avedmat,,,,0.022349119186401367,,,,12
52,0,1,0.583486621145915,0.9279955801373584,0.9688201175586966,20.166474103927612,7.71145,100.0,1.0,13
53,1,2,0.42352693026127175,0.8371602253203468,0.8641992351800661,136.2924554347992,7.71145,100.0,201.0,13
54,2,MapOutlier,,,,0.0,7.71145,,,13
55,3,Avedmat,,,,0.022349119186401367,,,,13
56,0,1,0.5435667110667111,0.8999893855320928,0.975317863657778,16.629010438919067,7.90004,100.0,1.0,14
57,1,2,0.43012441868646767,0.8352039621008805,0.8615690806287959,165.60244417190552,7.90004,100.0,201.0,14
58,2,MapOutlier,,,,0.0,7.90004,,,14
59,3,Avedmat,,,,0.022349119186401367,,,,14
60,0,1,0.6364046711646204,0.9458063504733171,0.9783899144963524,28.084995985031128,7.88975,100.0,1.0,15
61,1,2,0.4283682133427963,0.83625573710908,0.8618778517498401,162.81169605255127,7.88975,100.0,201.0,15
62,2,MapOutlier,,,,0.0,7.88975,,,15
63,3,Avedmat,,,,0.022349119186401367,,,,15
64,0,1,0.6122798901962275,0.9352303384704511,0.9751660883078808,33.38786792755127,7.43004,100.0,1.0,16
65,1,2,0.44409213707670614,0.8408214323069162,0.8569850416894133,113.11849761009216,7.43004,100.0,201.0,16
66,2,MapOutlier,,,,0.0,7.43004,,,16
67,3,Avedmat,,,,0.022349119186401367,,,,16
68,0,1,0.5397286200748855,0.9045490097802936,0.9750218584242433,16.14169692993164,7.25971,100.0,1.0,17
69,1,2,0.4397048546320646,0.8385485704760307,0.8571931490022412,126.11196899414062,7.25971,100.0,201.0,17
70,2,MapOutlier,,,,0.0,7.25971,,,17
71,3,Avedmat,,,,0.022349119186401367,,,,17
72,0,1,0.5884997632934585,0.9282073158424424,0.9724842012814856,20.678247690200806,7.38517,100.0,1.0,18
73,1,2,0.4114979021583397,0.8307717024322894,0.8572333648949564,116.30154657363892,7.38517,100.0,201.0,18
74,2,MapOutlier,,,,0.0,7.38517,,,18
75,3,Avedmat,,,,0.022349119186401367,,,,18
76,0,1,0.6187835773639996,0.9385344342336714,0.9772523749775935,23.55300521850586,7.59455,100.0,1.0,19
77,1,2,0.4259588547137724,0.8348355686372664,0.8589030433307112,139.14354252815247,7.59455,100.0,201.0,19
78,2,MapOutlier,,,,0.0,7.59455,,,19
79,3,Avedmat,,,,0.022349119186401367,,,,19
